query_id,text
594,mediaset video
680,chat irc
1168,auto scout
1327,check language integrity
2217,disney channel
3615,hit parade
3873,sinonimi e contrari
4797,apple store
4933,flexible shunts
5061,roland garros
5262,justin tv
6534,kate middleton
7525,giochi per bambine
7684,francesco nuti
7694,no best sellers at this time
7717,compagnie aeree
7722,wind forecast
7798,street view
8009,ed engine
8179,voli last minute
8992,dancing bear
10348,distribution transformer
10353,distribution cable gland
10360,distribution generating sets
10632,minuteria metallica
10906,volare web
11235,ikea catalogo
11318,pavimenti tecnici sopraelevati
11425,id wristbands for printed
11571,welding devices
12531,celine dion
12646,benvenuti al sud
13571,tende a rullo
14881,risultati in tempo reale
15268,polycarbonate transparent tubes
16647,liz taylor
17624,chianciano terme
18471,nmd 35
18516,art attack
19356,wristbands for aquafan
19582,wristbands for conference centers
19890,urethane rubber
20313,magic cup
20370,pmma profil
20452,cohiba mini
21217,quartz crystals
21517,palina legno
22230,rubber terminals
22337,gps poles
23279,sale diodes
23867,macchine riavvolgitrici
24025,lady boy
25903,traduzioni tecniche firenze
26016,marble exterior
26393,aria strumenti per cabine analisi del gas
26600,forni professionali elettrici ad atmosfera comtrollata
26700,costruzione forni a bacchette di silite
26878,iron maiden
27335,leak detection
27456,tour de france 2011
27486,membrana biocompatibile
28369,emodiafiltrazione interna
28644,nba espn
28829,tracking denmark
28998,vendita pressa per prove bct
29085,xzero community classifieds
29380,trunk cable
29510,functional test
30113,double shielded cable
30141,turning machines sale
30194,flame retardant cables
30389,era ora
30979,produzione quarzini gold
31065,progettazione lucernari
31103,vendita macchine fustellatrici
33086,alluminio opaco
33358,shielded coaxial cable
34043,pbg quarzi
34192,fast and furious 5
35072,autoscout24 italia
35809,virtual coach
36678,bmw m3 gtr e36
36787,brooklyn decker
36959,canyon aeroad
37248,claire sanders
37535,culture club
37572,daniel craig
37717,django unchained
37734,donald duck in black and white
38296,futurama hentai
38352,gerard depardieu
38477,google or android or chrome for search engine
39015,juventus fc
39065,keep calm
39107,kumbh mela
39139,la vita u00e8 bella
39180,lancia fulvia
39184,language translator
39191,lapo elkann
39334,lindsey vonn
39609,marzia prince
39735,"miami beach, florida"
40101,novak djokovic
40385,paul newman
40715,rafael nadal
40920,sailor venus hentai
41177,sfondi ferrari
41526,tattoo ideas
41683,tiffany toth
41958,vanessa williams
42033,viggo mortensen
42117,vw sportline
42130,webcam champoluc
42269,yasmine bleeth
43702,wikipedia encyclopedia
43717,risultati tempo reale diretta
43850,linea diretta gruppo fs
44560,dizionario dei sinonimi
45583,new jersey art instruction
45633,aptoide download
45727,tennessee arts
45914,enrique iglesias bailando
46684,cosi fan tutte video
48060,low temperature radiant panel
48465,mini moto dealers
49720,software plc
49837,foto di peperoni
50218,the last ship
50555,puazzo script
51429,canne fumarie
52126,costa rica tamarindo
53036,new york gasoline
54092,allevamenti trotto
54595,google sketchup
54764,chat messenger download
54773,cauda equina
54803,buy online fashion jewellery india
54815,boom lift manufacturer
55419,free birthday wishes
55446,final destination
55557,claudio villa canzoni romane
55886,scissor lift rental chennai
56124,mi fido di te testo
56596,cantico dei cantici
56698,android studio
57095,pisa elenco telefonico
57596,don giovanni
58037,vendita ricambi tonykart vortex
58224,tappeti nomadici
58274,stati dell unione europea
58863,one republic
59218,lampo incontri
59411,glass and steel railings for interior
60906,poospiza cinerea
61114,national portrait gallery
61157,monarcha melanopsis
61307,lord byron
61398,kim novak
61479,i mori a torre delle stelle
61689,film la monella
62238,benjamin franklin
62752,the innkeepers
63100,santa maria delle mole cap
63485,pharma news
63791,musica sacra gratis
63820,most popular slimming pills
63854,mobile app api design
63862,mister baby
64257,innesto a baionetta
64585,flat roof sun tunnel
64596,finschhafen district
65027,circaetus cinerascens
65694,vogue occhiali
65761,video eric clapton
66339,significato di panacea
66567,rizzoli e isles
66939,ploceus insignis
68159,honda repair manual
68464,forge world
68612,ernest hemingway
68847,dendroica pinus
69183,cinereous antshrike
69694,aulacorhynchus sulcatus
70083,world cup japan
70266,ventilator leakage volume
70516,toyota land cruiser
70807,striated thornbill
70932,spartiti coldplay gratis
71338,samsung gear
72286,our site strives for quality ingredients
73055,madagascar swamp warbler
73098,love in deep space found the cosmic christ
73121,locke film
73360,la tigre e la neve
73370,larus glaucoides
73548,irobot roomba
73559,in vogue italian style
73842,hair and beauty standards
73927,google gravity
74250,forever and ever
74541,economy of ghana
74626,doctor reviews
74715,diego simeone
75288,cheapest printer to own
75636,buster keaton
75639,business web design hosting
75659,bubbling cisticola
75988,australian pratincole
76285,ambasciata degli stati uniti d america
76350,alchimia web design
76612,zhou zhou
76726,xiphorhynchus fuscus
76864,vlad film sas
78110,subway surfers game
79771,radio ottanta online
80155,porto alto
81496,ncis los angeles
83397,karma of charme indianini
83973,il piacere della carne
84168,how to go from gatwick to london
84237,high speed capping machines
84265,harry potter t shirt
84274,hamburger recycling group gmbh
84402,greatest hits rod stewart
85210,flights to palermo
85218,flash courier
85403,fast weight loss pills
85899,edilomnia di fontana emanuele
86951,consorzio per i servizi di sviluppo ed innovazione nei borghi autentici communitas
87040,concerti a venezia
88084,calzature pelletterie bedoni
88106,california beach
88865,balducci primi passi
89531,anghel octavian
