qid,query
3873,sinonimi e contrari
17624,chianciano terme
13571,tende a rullo
42269,yasmine bleeth
41683,tiffany toth
66567,rizzoli e isles
36959,canyon aeroad
63485,pharma news
39334,lindsey vonn
73055,madagascar swamp warbler
18471,nmd 35
75636,buster keaton
75659,bubbling cisticola
76612,zhou zhou
36787,brooklyn decker
39609,marzia prince
594,mediaset video
38352,gerard depardieu
57596,don giovanni
51429,canne fumarie
12531,celine dion
73360,la tigre e la neve
80155,porto alto
10906,volare web
41177,sfondi ferrari
4933,flexible shunts
75988,australian pratincole
39065,keep calm
68464,forge world
74715,diego simeone
7684,francesco nuti
54595,google sketchup
58863,one republic
61307,lord byron
68612,ernest hemingway
64596,finschhafen district
50555,puazzo script
19890,urethane rubber
5061,roland garros
39015,juventus fc
62238,benjamin franklin
38296,futurama hentai
30389,era ora
37248,claire sanders
45633,aptoide download
42130,webcam champoluc
40385,paul newman
73927,google gravity
12646,benvenuti al sud
83397,karma of charme indianini
